Site,Lat,Long,Height,Sat System
ABPO,-19.0180556,47.2291667,1552.9923,GPS
ALRT,82.4941667,-62.3402778,78.11,GPS
AMC2,38.8030556,-104.5244444,1912.4898,GPS
AREQ,-16.4652778,-71.4927778,2488.9226,GPS
ARTU,56.4297222,58.5602778,247.511,GPS
ARUC,40.2855556,44.0855556,1222,GPS
AZU1,34.1258333,-117.8963889,144.75,GPS
BAMF,48.8352778,-125.135,11.1,GPS
BHR3,26.2088889,50.6080556,-13.9,GPS
BHR4,26.2088889,50.6080556,-13.9,GPS
BILL,33.5780556,-117.0644444,470.06,GPS
BLYT,33.6102778,-114.7147222,85.9,GPS
BNOA,-8.7463889,115.2097222,39.056,GPS
BREW,48.1313889,-119.6825,238.6273,GPS
BRFT,-3.8772222,-38.4252778,21.7,GPS
BTNG,1.4388889,125.1902778,74.993,GPS
CAGS,45.585,-75.8072222,235,GPS
CHAN,43.7902778,125.4430556,268.3,GPS
CHIL,34.3333333,-118.0258333,1567.51,GPS
CHUM,42.9983333,74.7508333,716.3321,GPS
CHWK,49.1563889,-122.0083333,170,GPS
COSO,35.9822222,-117.8088889,1455.16,GPS
COYQ,-45.5141667,-71.8919444,476,GPS
CRAO,44.4130556,33.9908333,365.8,GPS
CRO1,17.7566667,-64.5841667,-31.4974,GPS
DEAR,-30.665,23.9925,1321.7,GPS
DHLG,33.3897222,-115.7877778,-83.05,GPS
DUM1,-66.665,140.0016667,-1.4,GPS
EIL3,64.6877778,-147.1127778,177.2,GPS
EIL4,64.6877778,-147.1127778,177.2,GPS
ESCU,47.0733333,-64.7986111,-16.02,GPS
FAIR,64.9777778,-147.4991667,319.1771,GPS
FALE,-13.8319444,-171.9994444,47.6,GPS
GENO,44.4191667,8.9208333,137,GPS
GMAS,27.7647222,-15.4675,195.4,GPS
GODE,39.0216667,-76.8266667,14.5046,GPS
GOL2,35.425,-116.8891667,986.6779,GPS
GUAO,43.4708333,87.1772222,2049.2,GPS
HALY,29.1386111,36.0997222,861.6765,GPS
HNLC,21.3030556,-157.8644444,22,GPS
HOLM,70.7363889,-117.7608333,39.5,GPS
HOLP,33.9244444,-118.1680556,-6.71,GPS
IENG,45.015,7.6391667,316.6,GPS
IISC,13.0211111,77.5702778,843.7145,GPS
INVK,68.3061111,-133.5269444,46.36,GPS
IQQE,-20.2733333,-70.1316667,38.9,GPS
IRKM,52.2188889,104.3161111,502.317,GPS
IRKT,52.2188889,104.3161111,503.3816,GPS
ISPA,-27.1247222,-109.3441667,112.4948,GPS
JOZE,52.0972222,21.0313889,141.4,GPS
KELY,66.9872222,-50.9447222,229.8,GPS
KGNI,35.7102778,139.4880556,123.5,GPS
KOKB,22.1261111,-159.6647222,1167.5216,GPS
KSMV,35.9552778,140.6575,57.9,GPS
KUNM,25.0294444,102.7969444,1986.2,GPS
LAE1,-6.6736111,146.9930556,140.35,GPS
LBCH,33.7875,-118.2033333,-27.58,GPS
MAD2,40.4288889,-4.2494444,829.5,GPS
MAG0,59.5755556,150.77,361.9266,GPS
MANA,12.1488889,-86.2488889,71,GPS
MAT1,40.6488889,16.7044444,534.5,GPS
MAUI,20.7066667,-156.2569444,3062,GPS
MCIL,24.29,153.9786111,35.66,GPS
MCM4,-77.8383333,166.6691667,98.0222,GPS
METS,60.2175,24.3952778,94.6,GPS
MFKG,-25.805,25.5397222,1310.9,GPS
MOBN,55.1147222,36.5694444,182.634,GPS
MONP,32.89,-116.42,1842.55,GPS
MORP,55.2127778,-1.6852778,144.4,GPS
MRL1,-41.5761111,173.7405556,147.2,GPS
MRL2,-41.5761111,173.7405556,147.2,GPS
MTV1,-34.9133333,-56.1761111,40.7,GPS
MTV2,-34.9133333,-56.1761111,40.7,GPS
NAIN,56.5369444,-61.6886111,33.48,GPS
NAMA,19.2113889,42.0444444,2703.2212,GPS
NIST,39.995,-105.2625,1648.488,GPS
NLIB,41.7713889,-91.5747222,207.0648,GPS
NOT1,36.8758333,14.9897222,126.2,GPS
NRIL,69.3616667,88.3597222,47.8937,GPS
NRL1,38.8205556,-77.0241667,-26.01,GPS
NYAL,78.93,11.87,82,GPS
OAK1,51.1175,-0.905,139.6,GPS
OAK2,51.1175,-0.905,139.6,GPS
OPMT,48.8358333,2.3347222,124.2,GPS
OSN3,37.0825,127.0333333,64.4,GPS
OSN4,37.0825,127.0333333,64.4,GPS
PALM,-64.775,-64.0511111,31.2394,GPS
PETP,53.0666667,158.6069444,211.0343,GPS
PETS,53.0230556,158.65,102.2,GPS
PIN1,33.61,-116.46,1256.17,GPS
POL2,42.6797222,74.6941667,1714.2,GPS
PRE3,-25.7463889,28.2238889,1413.8,GPS
PRE4,-25.7463889,28.2238889,1413.8,GPS
PTBB,52.2961111,10.4594444,130.2,GPS
QIKI,67.5591667,-64.0336111,13.3,GPS
QUI3,0.215,-78.4933333,2922.7,GPS
QUI4,0.215,-78.4933333,2922.7,GPS
QUIN,39.9744444,-120.9441667,1105.7651,GPS
RABT,33.9980556,-6.8541667,90.1,GPS
RESO,74.6905556,-94.8930556,34.9,GPS
RIOP,-1.6505556,-78.6508333,2793,GPS
SANT,-33.1502778,-70.6683333,723.0746,GPS
SBOK,-29.6691667,17.8791667,1043.1,GPS
SCOR,70.4852778,-21.9502778,128.5,GPS
SFDM,34.4597222,-118.7544444,291.52,GPS
SHAO,31.0994444,121.2002778,22.0901,GPS
SHE2,46.2205556,-64.5519444,-15.3,GPS
SIMO,-34.1877778,18.4394444,39.491,GPS
SMST,33.5777778,135.9369444,97.536,GPS
SNI1,33.2477778,-119.5241667,239.67,GPS
SOLA,24.9105556,46.4005556,760.1393,GPS
SPK1,34.0591667,-118.6461111,440.13,GPS
SSIA,13.6972222,-89.1161111,664.4,GPS
SUTH,-32.38,20.8102778,1799.7659,GPS
TCMS,24.7977778,120.9872222,77.2607,GPS
TDOU,-23.0797222,30.3838889,630.2,GPS
THU3,76.5369444,-68.825,36.1,GPS
TID2,-35.3991667,148.9797222,665.3719,GPS
TIDB,-35.3991667,148.9797222,665.3719,GPS
TNML,24.7977778,120.9872222,75.8599,GPS
TORP,33.7977778,-118.3305556,-5.22,GPS
TSKB,36.1055556,140.0872222,67.3,GPS
TUBI,40.7866667,29.4505556,221.8,GPS
TUKT,69.4380556,-132.9941667,1.54,GPS
UCLP,34.0688889,-118.4416667,111.54,GPS
UCLU,48.9255556,-125.5413889,10,GPS
ULDI,-28.2930556,31.4208333,607.9,GPS
USN7,38.9205556,-77.0661111,58.924,GPS
USNO,38.9188889,-77.0661111,48.9,GPS
USUD,36.1330556,138.3619444,1508.6193,GPS
VACS,-20.2969444,57.4969444,420.4,GPS
VESL,-71.6736111,-2.8416667,862.4,GPS
VNDP,34.5561111,-120.6163889,-11.5,GPS
WAB2,46.9236111,7.4641667,611,GPS
WDC5,38.9205556,-77.0661111,59,GPS
WDC6,38.9205556,-77.0661111,59,GPS
WLSN,34.2261111,-118.0558333,1705.26,GPS
WSLR,50.1263889,-122.9211111,909,GPS
WSRT,52.9144444,6.6044444,86,GPS
WTZA,49.1441667,12.8788889,666,GPS
XIAN,34.3686111,109.2213889,464.4098,GPS
YAKT,62.0308333,129.6802778,103.37,GPS
YEBE,40.5247222,-3.0883333,973,GPS
YIBL,22.1863889,56.1122222,95.1,GPS
YKRO,6.8705556,-5.24,270,GPS
YSSK,47.0297222,142.7166667,91.2887,GPS
ZAMB,-15.4252778,28.3108333,1324.9144,GPS
ZIMM,46.8769444,7.465,956.4,GPS
ZWE2,55.7,36.76,272,GPS
HRAG,-25.8902778,27.685,1407.38,GPS+GAL+SBAS
LLAG,28.4813889,-16.3205556,622.82,GPS+GAL+SBAS
UNBD,45.95,-66.6413889,23.12,GPS+GAL+SBAS
ADIS,9.035,38.7661111,2439.154,GPS+GLO
ALBH,48.3897222,-123.4872222,32,GPS+GLO
ANKR,39.8875,32.7583333,974.8,GPS+GLO
ANTC,-37.3386111,-71.5319444,745.4,GPS+GLO
AREV,-16.4652778,-71.4927778,2488.9226,GPS+GLO
ASPA,-14.3258333,-170.7222222,53.7,GPS+GLO
BADG,51.7694444,102.2347222,811.4,GPS+GLO
BAIE,49.1866667,-68.2630556,27.5,GPS+GLO
BAKE,64.3177778,-96.0022222,4.4,GPS+GLO
BAKO,-6.49,106.85,158.18,GPS+GLO
BARH,44.395,-68.2216667,6.8,GPS+GLO
BJCO,6.3844444,2.45,30.7,GPS+GLO
BJFS,39.6086111,115.8922222,87.413,GPS+GLO
BJNM,40.2452778,116.2238889,118.6,GPS+GLO
BOGT,4.64,-74.0808333,2576.7782,GPS+GLO
BRMU,32.3702778,-64.6961111,-11.6,GPS+GLO
BSHM,32.7788889,35.02,225.1,GPS+GLO
BUCU,44.4638889,26.1255556,143.2,GPS+GLO
BZRG,46.4988889,11.3366667,328.8,GPS+GLO
CGGN,10.1230556,9.1180556,916.6953,GPS+GLO
CHPI,-22.6869444,-44.985,617.4176,GPS+GLO
CHUR,58.7588889,-94.0886111,-18.9,GPS+GLO
CKSV,22.9986111,120.22,59.6,GPS+GLO
CLAR,34.1097222,-117.7086111,373.63,GPS+GLO
CMP9,34.3530556,-118.4113889,1137.99,GPS+GLO
CNMR,15.2294444,145.7430556,64.4,GPS+GLO
CORD,-31.5283333,-64.47,747.0654,GPS+GLO
COTE,-77.8058333,161.9977778,1878.1,GPS+GLO
CUSV,13.7358333,100.5338889,76.06,GPS+GLO
DAKR,14.7211111,-17.4394444,51,GPS+GLO
DGAR,-7.2694444,72.37,-64.7455,GPS+GLO
FALK,-51.6936111,-57.8738889,50.8407,GPS+GLO
FLIN,54.7255556,-101.9777778,320,GPS+GLO
FLRS,39.4536111,-31.1263889,79.9,GPS+GLO
FRDN,45.9327778,-66.6588889,95.9,GPS+GLO
FUNC,32.6477778,-16.9075,78.5,GPS+GLO
GLPS,-0.7427778,-90.3036111,1.7882,GPS+GLO
GLSV,50.3641667,30.4966667,226.8,GPS+GLO
GODN,39.0211111,-76.8269444,18,GPS+GLO
GODS,39.0347222,-77.3869444,19.1,GPS+GLO
GODZ,39.0216667,-76.8266667,14.509,GPS+GLO
GOLD,35.425,-116.8891667,986.6779,GPS+GLO
GOPE,49.9136111,14.7855556,592.6,GPS+GLO
GRAZ,47.0669444,15.4933333,538.3,GPS+GLO
GUAM,13.5891667,144.8680556,201.922,GPS+GLO
GUAT,14.5902778,-90.52,1519.9,GPS+GLO
GUUG,13.4330556,144.8025,134.7,GPS+GLO
HAMD,34.8688889,48.5341667,1750.9381,GPS+GLO
HARV,34.4691667,-120.6819444,14.9662,GPS+GLO
HERS,50.8672222,0.3361111,76.5,GPS+GLO
HERT,50.8672222,0.3341667,83.3,GPS+GLO
HLFX,44.6833333,-63.6111111,3.1,GPS+GLO
HNPT,38.5886111,-76.1302778,-28,GPS+GLO
HNUS,-34.4244444,19.2230556,63,GPS+GLO
HOLB,50.6402778,-128.135,560,GPS+GLO
HRAO,-25.89,27.6869444,1414.3,GPS+GLO
HYDE,17.4172222,78.5508333,441.68,GPS+GLO
IQAL,63.7558333,-68.5102778,91.7,GPS+GLO
IRKJ,52.2188889,104.3161111,502.1,GPS+GLO
ISBA,33.3413889,44.4383333,72.4,GPS+GLO
JOZ2,52.0977778,21.0322222,152.5,GPS+GLO
JPLM,34.2047222,-118.1730556,423.9843,GPS+GLO
KHAR,50.005,36.2388889,201,GPS+GLO
KIR0,67.8775,21.06,497.9,GPS+GLO
KMNM,24.4636111,118.3883333,49.1,GPS+GLO
KOKV,22.1261111,-159.6647222,1167.5216,GPS+GLO
KUUJ,55.2783333,-77.7452778,-0.5,GPS+GLO
LAMA,53.8922222,20.6697222,187,GPS+GLO
LCK3,26.9119444,80.9555556,64.165,GPS+GLO
LCK4,26.9119444,80.9555556,64.1821,GPS+GLO
LPAL,28.7638889,-17.8938889,2207,GPS+GLO
MADR,40.4288889,-4.2494444,829.5,GPS+GLO
42800,60.595,17.2583333,75.4,GPS+GLO
MATE,40.6488889,16.7044444,535.6,GPS+GLO
MAW1,-67.6047222,62.8705556,59.184,GPS+GLO
MBAR,-0.6013889,30.7377778,1337.6533,GPS+GLO
MDO1,30.6802778,-104.0147222,2004.4761,GPS+GLO
MDVJ,56.0213889,37.2144444,257.4,GPS+GLO
MIKL,46.9727778,31.9727778,94.7,GPS+GLO
MKEA,19.8011111,-155.4561111,3754.7,GPS+GLO
MOBJ,55.1147222,36.5694444,182.6079,GPS+GLO
MOBK,55.1147222,36.5694444,182.6079,GPS+GLO
MOIU,0.2880556,35.29,2201.5321,GPS+GLO
MTBG,47.7377778,16.4041667,294,GPS+GLO
MTKA,35.6794444,139.5611111,109,GPS+GLO
NANO,49.2947222,-124.0863889,6,GPS+GLO
NOVM,55.0302778,82.9094444,149.98,GPS+GLO
NTUS,1.3455556,103.6797222,79,GPS+GLO
NVSK,54.8405556,83.2352778,123.6429,GPS+GLO
NYA1,78.9294444,11.8652778,84,GPS+GLO
ONSA,57.3952778,11.9252778,45.5,GPS+GLO
ORID,41.1272222,20.7938889,773,GPS+GLO
PALV,-64.775,-64.0511111,31.2394,GPS+GLO
PARC,-53.1369444,-70.8797222,22.3,GPS+GLO
PBRI,11.6377778,92.7119444,-22.554,GPS+GLO
PDEL,37.7475,-25.6625,110.8,GPS+GLO
PENC,47.7894444,19.2813889,291.7,GPS+GLO
PIE1,34.3013889,-108.1188889,2347.7109,GPS+GLO
PIMO,14.6355556,121.0775,95.532,GPS+GLO
POLV,49.6025,34.5427778,178.1,GPS+GLO
POVE,-8.7091667,-63.8961111,119.6,GPS+GLO
RAMO,30.5977778,34.7630556,893.1,GPS+GLO
RBAY,-28.7952778,32.0783333,31.7927,GPS+GLO
RCMN,-1.2208333,36.8936111,1607.54,GPS+GLO
RECF,-8.0508333,-34.9513889,20.2,GPS+GLO
ROCK,34.2355556,-118.6763889,553.39,GPS+GLO
ROTH,-67.5713889,-68.1255556,39.793,GPS+GLO
SALU,-2.5933333,-44.2122222,18.9,GPS+GLO
SASS,54.5133333,13.6430556,68.2,GPS+GLO
SAVO,-12.9391667,-38.4322222,76.3,GPS+GLO
SCH2,54.8319444,-66.8325,498.2,GPS+GLO
SCIP,32.91,-118.49,452.87,GPS+GLO
SEJN,36.5219444,127.3030556,181.196,GPS+GLO
SEY2,-4.6736111,55.4794444,538.8156,GPS+GLO
SOFI,42.5558333,23.3944444,1119.6,GPS+GLO
SPT0,57.7147222,12.8911111,219.9,GPS+GLO
STHL,-15.9425,-5.6672222,453.29,GPS+GLO
SUTV,-32.38,20.8102778,1799.7659,GPS+GLO
SUWN,37.2752778,127.0541667,83.9322,GPS+GLO
SVTL,60.5327778,29.7808333,77.1,GPS+GLO
SYOG,-69.0069444,39.5836111,50.0902,GPS+GLO
TANA,11.5688889,37.3288889,1850.9624,GPS+GLO
TEHN,35.6972222,51.3338889,1194.57,GPS+GLO
THU2,76.5369444,-68.825,36.1,GPS+GLO
TID1,-35.3991667,148.9797222,665.44,GPS+GLO
TIXI,71.6344444,128.8663889,46.9847,GPS+GLO
TRAK,33.6177778,-117.8033333,115.7,GPS+GLO
TRO1,69.6625,18.9394444,138,GPS+GLO
UFPR,-25.4483333,-49.2308333,925.8,GPS+GLO
UNBJ,45.95,-66.6416667,22.75,GPS+GLO
URUM,43.59,87.63,856.1,GPS+GLO
UZHL,48.6319444,22.2975,232,GPS+GLO
VALD,48.0969444,-77.5641667,312.8,GPS+GLO
VIS0,57.6536111,18.3672222,79.8,GPS+GLO
WES2,42.6133333,-71.4930556,85,GPS+GLO
WHC1,33.9797222,-118.0311111,94.25,GPS+GLO
WHIT,60.7502778,-135.2219444,1427,GPS+GLO
WILL,52.2366667,-122.1677778,1096,GPS+GLO
WUHN,30.5313889,114.3572222,28.2,GPS+GLO
YAR3,-29.0463889,115.3469444,242.6741,GPS+GLO
YONS,37.5411111,127.0011111,96.849,GPS+GLO
ZECK,43.7883333,41.565,1166.8,GPS+GLO
DRAG,31.5930556,35.3919444,31.8,GPS+GLO+BDS
UNX3,-33.9175,151.2316667,87.07,GPS+GLO+BDS+QZSS
ALGO,45.9586111,-78.0713889,202,GPS+GLO+GAL
BIK0,42.8541667,74.5330556,749.2,GPS+GLO+GAL
BOGI,52.4747222,21.035,139.9,GPS+GLO+GAL
BRAZ,-15.9472222,-47.8777778,1106.0413,GPS+GLO+GAL
DRAO,49.3225,-119.625,542,GPS+GLO+GAL
DUBO,50.2586111,-95.8661111,251,GPS+GLO+GAL
EPRT,44.9086111,-66.9919444,30.4,GPS+GLO+GAL
GOP6,49.9136111,14.7855556,592.6,GPS+GLO+GAL
INEG,21.8561111,-102.2841667,1888.347,GPS+GLO+GAL
MELI,35.2811111,-2.9513889,93,GPS+GLO+GAL
NRC1,45.4541667,-75.6236111,82.5,GPS+GLO+GAL
OBE4,48.0847222,11.2777778,650.5,GPS+GLO+GAL
PEN2,47.7897222,19.2813889,294,GPS+GLO+GAL
PICL,51.4797222,-90.1619444,315.1,GPS+GLO+GAL
POTS,52.3791667,13.0658333,144.4,GPS+GLO+GAL
PRDS,50.8711111,-114.2933333,1247.9,GPS+GLO+GAL
RDSD,18.4613889,-69.9111111,-9.2087,GPS+GLO+GAL
SASK,52.1961111,-106.3983333,580,GPS+GLO+GAL
SCUB,20.0119444,-75.7622222,21.9,GPS+GLO+GAL
STJO,47.595,-52.6775,152.8,GPS+GLO+GAL
SUTM,-32.3813889,20.8108333,1797.6,GPS+GLO+GAL
VOIM,-21.9061111,46.7930556,1163.3,GPS+GLO+GAL
WIND,-22.5747222,17.0891667,1734.7,GPS+GLO+GAL
YELL,62.4808333,-114.4805556,181,GPS+GLO+GAL
BRUX,50.7980556,4.3583333,158.3,GPS+GLO+GAL+BDS
GANP,49.0344444,20.3227778,745.2,GPS+GLO+GAL+BDS
GOUG,-40.3486111,-9.8805556,81.27,GPS+GLO+GAL+BDS
JCTW,-33.9513889,18.4683333,83.596,GPS+GLO+GAL+BDS
JPRE,-25.7319444,28.2825,1387.327,GPS+GLO+GAL+BDS
LHAZ,29.6572222,91.1038889,3622,GPS+GLO+GAL+BDS
LPGS,-34.9066667,-57.9322222,29.9,GPS+GLO+GAL+BDS
SPTU,-21.9288889,-50.4922222,508.78,GPS+GLO+GAL+BDS
UNSA,-24.7272222,-65.4075,1257.8,GPS+GLO+GAL+BDS
ZIM2,46.8769444,7.465,956.4,GPS+GLO+GAL+BDS
ALIC,-23.67,133.8852778,603.3581,GPS+GLO+GAL+BDS+QZSS
ANMG,2.7844444,101.5063889,15.002,GPS+GLO+GAL+BDS+QZSS
AUCK,-36.6027778,174.8341667,132.711,GPS+GLO+GAL+BDS+QZSS
BRUN,4.9711111,114.9522222,90.669,GPS+GLO+GAL+BDS+QZSS
CAS1,-66.2833333,110.5194444,22.55,GPS+GLO+GAL+BDS+QZSS
CHTI,-43.7352778,-176.6169444,75.7,GPS+GLO+GAL+BDS+QZSS
CKIS,-21.2008333,-159.8005556,18.4,GPS+GLO+GAL+BDS+QZSS
CMUM,18.7608333,98.9322222,308.962,GPS+GLO+GAL+BDS+QZSS
COCO,-12.1880556,96.8338889,-35.2212,GPS+GLO+GAL+BDS+QZSS
CPNM,10.7244444,99.3741667,9.143,GPS+GLO+GAL+BDS+QZSS
DAE2,36.3991667,127.3744444,116.824,GPS+GLO+GAL+BDS+QZSS
DAEJ,36.3991667,127.3744444,117.037,GPS+GLO+GAL+BDS+QZSS
DAV1,-68.5772222,77.9725,44.5,GPS+GLO+GAL+BDS+QZSS
DLTV,11.945,108.4819444,1587.62,GPS+GLO+GAL+BDS+QZSS
DUND,-45.8836111,170.5969444,386.9,GPS+GLO+GAL+BDS+QZSS
EUSM,5.1455556,100.4938889,18.761,GPS+GLO+GAL+BDS+QZSS
GMSD,30.5563889,131.0155556,142.6475,GPS+GLO+GAL+BDS+QZSS
GOP7,49.9136111,14.7855556,592.62,GPS+GLO+GAL+BDS+QZSS
JNAV,21.0044444,105.8438889,34.87,GPS+GLO+GAL+BDS+QZSS
KARR,-20.9813889,117.0969444,109.2468,GPS+GLO+GAL+BDS+QZSS
KIRI,1.3544444,172.9227778,36.2,GPS+GLO+GAL+BDS+QZSS
LAUT,-17.6086111,177.4463889,89.7,GPS+GLO+GAL+BDS+QZSS
MAJU,7.1188889,171.3644444,33.9,GPS+GLO+GAL+BDS+QZSS
MCHL,-26.3588889,148.1447222,534.593,GPS+GLO+GAL+BDS+QZSS
MIZU,39.135,141.1327778,117,GPS+GLO+GAL+BDS+QZSS
MOBS,-37.8291667,144.9752778,40.578,GPS+GLO+GAL+BDS+QZSS
MQZG,-43.7025,172.6544444,154.68,GPS+GLO+GAL+BDS+QZSS
MRO1,-26.6963889,116.6372222,354.069,GPS+GLO+GAL+BDS+QZSS
NAUR,-0.5516667,166.9252778,46.3,GPS+GLO+GAL+BDS+QZSS
NCKU,22.9963889,120.2225,98.217,GPS+GLO+GAL+BDS+QZSS
NIUM,-19.0763889,-169.9269444,90.1,GPS+GLO+GAL+BDS+QZSS
NRMD,-22.2280556,166.4847222,160.384,GPS+GLO+GAL+BDS+QZSS
PARK,-32.9986111,148.2644444,397.357,GPS+GLO+GAL+BDS+QZSS
PERT,-31.8016667,115.885,12.92,GPS+GLO+GAL+BDS+QZSS
PNGM,-2.0430556,147.3658333,116.3,GPS+GLO+GAL+BDS+QZSS
POHN,6.9597222,158.21,90.7,GPS+GLO+GAL+BDS+QZSS
PTVL,-17.7491667,168.315,86.441,GPS+GLO+GAL+BDS+QZSS
SAMO,-13.8491667,-171.7383333,76.9,GPS+GLO+GAL+BDS+QZSS
SCTB,-77.8488889,166.7577778,-18.9,GPS+GLO+GAL+BDS+QZSS
SOLO,-9.4347222,159.9541667,122.9,GPS+GLO+GAL+BDS+QZSS
STR2,-35.3161111,149.01,802.58,GPS+GLO+GAL+BDS+QZSS
SYDN,-33.7808333,151.1502778,85.6837,GPS+GLO+GAL+BDS+QZSS
TOW2,-19.2691667,147.0555556,88.2349,GPS+GLO+GAL+BDS+QZSS
TUVA,-8.5252778,179.1963889,38.4,GPS+GLO+GAL+BDS+QZSS
WARK,-36.4341667,174.6627778,111.3,GPS+GLO+GAL+BDS+QZSS
WGTN,-41.3233333,174.8058333,26.06,GPS+GLO+GAL+BDS+QZSS
XMIS,-10.4497222,105.6883333,261.5833,GPS+GLO+GAL+BDS+QZSS
YAR2,-29.0463889,115.3469444,241.2906,GPS+GLO+GAL+BDS+QZSS
CEDU,-31.8666667,133.8097222,144.8155,GPS+GLO+GAL+BDS+QZSS+IRNSS
DARW,-12.8436111,131.1325,125.1965,GPS+GLO+GAL+BDS+QZSS+IRNSS
HOB2,-42.8044444,147.4386111,41.127,GPS+GLO+GAL+BDS+QZSS+IRNSS
KAT1,-14.3758333,132.1530556,184.476,GPS+GLO+GAL+BDS+QZSS+IRNSS
MAC1,-54.4994444,158.9355556,-6.69,GPS+GLO+GAL+BDS+QZSS+IRNSS
STR1,-35.3152778,149.0108333,800.032,GPS+GLO+GAL+BDS+QZSS+IRNSS
BOR1,52.1,17.0666667,124,GPS+GLO+GAL+BDS+QZSS+SBAS
CUT0,-32.0038889,115.8947222,24,GPS+GLO+GAL+BDS+QZSS+SBAS
CUUT,13.7358333,100.5338889,74.296,GPS+GLO+GAL+BDS+QZSS+SBAS
DLF1,51.9858333,4.3872222,74.2,GPS+GLO+GAL+BDS+QZSS+SBAS
FAA1,-17.5552778,-149.6141667,12.35,GPS+GLO+GAL+BDS+QZSS+SBAS
FTNA,-14.3077778,-178.1208333,84.859,GPS+GLO+GAL+BDS+QZSS+SBAS
GAMG,35.59,127.9194444,927.965,GPS+GLO+GAL+BDS+QZSS+SBAS
HKSL,22.3719444,113.9277778,95.303,GPS+GLO+GAL+BDS+QZSS+SBAS
HKWS,22.4341667,114.3352778,63.789,GPS+GLO+GAL+BDS+QZSS+SBAS
JFNG,30.5155556,114.4908333,71.324,GPS+GLO+GAL+BDS+QZSS+SBAS
KIR8,67.8775,21.06,498,GPS+GLO+GAL+BDS+QZSS+SBAS
KIRU,67.8572222,20.9683333,391.1,GPS+GLO+GAL+BDS+QZSS+SBAS
KITG,39.1333333,66.8866667,620.631,GPS+GLO+GAL+BDS+QZSS+SBAS
KOS1,52.1733333,5.8180556,104.8,GPS+GLO+GAL+BDS+QZSS+SBAS
KZN2,55.7905556,49.1191667,94.6,GPS+GLO+GAL+BDS+QZSS+SBAS
NNOR,-31.0486111,116.1925,234.984,GPS+GLO+GAL+BDS+QZSS+SBAS
OWMG,-44.0241667,-176.3686111,21.603,GPS+GLO+GAL+BDS+QZSS+SBAS
PGEN,6.0647222,125.1313889,121.124,GPS+GLO+GAL+BDS+QZSS+SBAS
PPPC,9.7727778,118.74,66.543,GPS+GLO+GAL+BDS+QZSS+SBAS
PTAG,14.5352778,121.0405556,86.647,GPS+GLO+GAL+BDS+QZSS+SBAS
PTGG,14.5352778,121.0411111,86.944,GPS+GLO+GAL+BDS+QZSS+SBAS
SIN1,1.3427778,103.6791667,92.54,GPS+GLO+GAL+BDS+QZSS+SBAS
UCAL,51.0797222,-114.1336111,1118.8,GPS+GLO+GAL+BDS+QZSS+SBAS
WROC,51.1130556,17.0616667,181,GPS+GLO+GAL+BDS+QZSS+SBAS
ZIM3,46.8769444,7.465,956.4,GPS+GLO+GAL+BDS+QZSS+SBAS
ABMF,16.2622222,-61.5275,-25,GPS+GLO+GAL+BDS+SBAS
AGGO,-34.8736111,-58.1397222,42.085,GPS+GLO+GAL+BDS+SBAS
AJAC,41.9272222,8.7625,99,GPS+GLO+GAL+BDS+SBAS
AREG,-16.4652778,-71.4927778,2489.337,GPS+GLO+GAL+BDS+SBAS
ASCG,-7.9161111,-14.3325,37.953,GPS+GLO+GAL+BDS+SBAS
BRST,48.3802778,-4.4963889,65.8,GPS+GLO+GAL+BDS+SBAS
CEBR,40.4533333,-4.3677778,775.8,GPS+GLO+GAL+BDS+SBAS
CHPG,-22.6822222,-45.0022222,566.25,GPS+GLO+GAL+BDS+SBAS
CPVG,16.7319444,-22.9347222,94.089,GPS+GLO+GAL+BDS+SBAS
CZTG,-46.4316667,51.8552778,202.8,GPS+GLO+GAL+BDS+SBAS
DJIG,11.5261111,42.8469444,711.409,GPS+GLO+GAL+BDS+SBAS
DYNG,38.0783333,23.9322222,510.6,GPS+GLO+GAL+BDS+SBAS
EBRE,40.8208333,0.4922222,107.9,GPS+GLO+GAL+BDS+SBAS
FFMJ,50.0905556,8.6647222,178.2,GPS+GLO+GAL+BDS+SBAS
GAMB,-23.1302778,-134.9647222,80.66,GPS+GLO+GAL+BDS+SBAS
GRAC,43.7544444,6.9205556,1319.8,GPS+GLO+GAL+BDS+SBAS
HARB,-25.8869444,27.7072222,1558.078,GPS+GLO+GAL+BDS+SBAS
HUEG,47.8338889,7.5961111,278.4,GPS+GLO+GAL+BDS+SBAS
ISTA,41.1041667,29.0191667,147.2,GPS+GLO+GAL+BDS+SBAS
KERG,-49.3513889,70.2552778,73.009,GPS+GLO+GAL+BDS+SBAS
KOUG,5.0983333,-52.6397222,107.248,GPS+GLO+GAL+BDS+SBAS
KOUR,5.2519444,-52.8058333,-25.57,GPS+GLO+GAL+BDS+SBAS
KRGG,-49.3513889,70.2552778,72.9673,GPS+GLO+GAL+BDS+SBAS
LEIJ,51.3538889,12.3738889,178.4,GPS+GLO+GAL+BDS+SBAS
LMMF,14.5947222,-60.9961111,-27,GPS+GLO+GAL+BDS+SBAS
MAL2,-2.9958333,40.1938889,-20.4,GPS+GLO+GAL+BDS+SBAS
42801,60.595,17.2583333,74.3,GPS+GLO+GAL+BDS+SBAS
MARS,43.2786111,5.3536111,61.8,GPS+GLO+GAL+BDS+SBAS
MAS1,27.7636111,-15.6330556,197.3,GPS+GLO+GAL+BDS+SBAS
MATG,40.6488889,16.7044444,537,GPS+GLO+GAL+BDS+SBAS
MAYG,-12.7819444,45.2580556,-16.35,GPS+GLO+GAL+BDS+SBAS
MEDI,44.5197222,11.6466667,50,GPS+GLO+GAL+BDS+SBAS
MET3,60.2172222,24.3944444,79.2,GPS+GLO+GAL+BDS+SBAS
METG,60.2419444,24.3841667,59.672,GPS+GLO+GAL+BDS+SBAS
MGUE,-35.7772222,-69.3977778,1554.15,GPS+GLO+GAL+BDS+SBAS
NICO,35.1408333,33.3963889,155,GPS+GLO+GAL+BDS+SBAS
NKLG,0.3538889,9.6719444,31.496,GPS+GLO+GAL+BDS+SBAS
OHI3,-63.3208333,-57.9011111,32.15,GPS+GLO+GAL+BDS+SBAS
ONS1,57.3952778,11.9244444,44.4,GPS+GLO+GAL+BDS+SBAS
PADO,45.4111111,11.8958333,64.7,GPS+GLO+GAL+BDS+SBAS
REDU,50.0013889,5.1447222,369.9,GPS+GLO+GAL+BDS+SBAS
REUN,-21.2083333,55.5716667,1558.4,GPS+GLO+GAL+BDS+SBAS
REYK,64.1386111,-21.9552778,93.1,GPS+GLO+GAL+BDS+SBAS
RGDG,-53.7858333,-67.7513889,32.364,GPS+GLO+GAL+BDS+SBAS
RIGA,56.9486111,24.0586111,34.7,GPS+GLO+GAL+BDS+SBAS
ROAP,36.4641667,-6.2061111,73.7,GPS+GLO+GAL+BDS+SBAS
SCRZ,-17.7966667,-63.1594444,442.2,GPS+GLO+GAL+BDS+SBAS
SEYG,-4.6786111,55.5305556,-37.085,GPS+GLO+GAL+BDS+SBAS
SOD3,67.4205556,26.3891667,300.8,GPS+GLO+GAL+BDS+SBAS
STJ3,47.5952778,-52.6780556,154.515,GPS+GLO+GAL+BDS+SBAS
THTG,-17.5769444,-149.6063889,97.994,GPS+GLO+GAL+BDS+SBAS
TIT2,51.0352778,6.4313889,156.1,GPS+GLO+GAL+BDS+SBAS
TLSE,43.5605556,1.4808333,207.2,GPS+GLO+GAL+BDS+SBAS
TLSG,43.5494444,1.485,208.753,GPS+GLO+GAL+BDS+SBAS
UNB3,45.95,-66.6416667,22.85,GPS+GLO+GAL+BDS+SBAS
VILL,40.4433333,-3.9519444,647.5,GPS+GLO+GAL+BDS+SBAS
WARN,54.1697222,12.1013889,50.7,GPS+GLO+GAL+BDS+SBAS
WTZR,49.1441667,12.8788889,666,GPS+GLO+GAL+BDS+SBAS
WTZS,49.1447222,12.8952778,663.43,GPS+GLO+GAL+BDS+SBAS
WTZZ,49.1441667,12.8788889,665.89,GPS+GLO+GAL+BDS+SBAS
YEL2,62.4811111,-114.4808333,181.008,GPS+GLO+GAL+BDS+SBAS
JOG2,-7.7636111,110.3725,250,GPS+GLO+GAL+QZSS
KIT3,39.14,66.88,643,GPS+GLO+GAL+QZSS
NYA2,78.86,11.87,84.2,GPS+GLO+GAL+QZSS
OUS2,-45.8694444,170.5108333,26.1,GPS+GLO+GAL+QZSS
RIO2,-53.7852778,-67.7511111,32,GPS+GLO+GAL+QZSS
CHOF,35.6744444,139.5308333,93.9,GPS+GLO+GAL+QZSS+IRNSS+SBAS
UNX2,-33.9175,151.2316667,87.07,GPS+GLO+GAL+QZSS+IRNSS+SBAS
TASH,41.3277778,69.2955556,439.7,GPS+GLO+GAL+QZSS+SBAS
TONG,-21.1444444,-175.1791667,56.3,GPS+GLO+GAL+QZSS+SBAS
ULAB,47.67,107.05,1611.7,GPS+GLO+GAL+QZSS+SBAS
WUH2,30.5316667,114.3572222,25.8,GPS+GLO+GAL+QZSS+SBAS
HOFN,64.2672222,-15.1866667,82.5,GPS+GLO+GAL+SBAS
LROC,46.1588889,-1.2191667,57.9,GPS+GLO+GAL+SBAS
M0SE,41.8930556,12.4930556,120.6,GPS+GLO+GAL+SBAS
NURK,-1.9444444,30.0897222,1485.3,GPS+GLO+GAL+SBAS
OHI2,-63.3208333,-57.9011111,33.1,GPS+GLO+GAL+SBAS
SFER,36.4641667,-6.2055556,85.8,GPS+GLO+GAL+SBAS
SGOC,6.8919444,79.8741667,-78.5,GPS+GLO+GAL+SBAS
STFU,37.4266667,-122.1730556,20.41,GPS+GLO+GAL+SBAS
UNBN,45.95,-66.6416667,22.85,GPS+GLO+GAL+SBAS
USN8,38.9205556,-77.0661111,58.924,GPS+GLO+GAL+SBAS
USN9,38.9205556,-77.0661111,58.924,GPS+GLO+GAL+SBAS
WTZ3,49.1447222,12.8786111,663.4,GPS+GLO+GAL+SBAS
YARR,-29.0463889,115.3469444,241.382,GPS+GLO+GAL+SBAS
ZIMJ,46.8769444,7.465,954.3,GPS+GLO+GAL+SBAS
AIRA,31.8238889,130.5994444,314.64,GPS+GLO+QZSS
CCJ2,27.0675,142.195,104.214,GPS+GLO+QZSS
STK2,43.5286111,141.8447222,118.54,GPS+GLO+QZSS
TSK2,36.1055556,140.0869444,69.93,GPS+GLO+QZSS
KOUC,-20.5586111,164.2872222,84.17,GPS+GLO+QZSS+GAL+BDS
TWTF,24.9533333,121.1644444,203.122,GPS+GLO+QZSS+SBAS
CIT1,34.1366667,-118.1272222,215.35,GPS+GLO+SBAS
CRFP,34.0388889,-117.0994444,688.82,GPS+GLO+SBAS
GRAS,43.7547222,6.9205556,1319.3,GPS+GLO+SBAS
QAQ1,60.715,-46.0477778,110.4,GPS+GLO+SBAS
SULP,49.8355556,24.0144444,370.5,GPS+GLO+SBAS
THTI,-17.5769444,-149.6063889,98.49,GPS+GLO+SBAS
WIDC,33.9347222,-116.3916667,445.04,GPS+GLO+SBAS
TABL,34.3816667,-117.6780556,2228.03,GPS+SBAS
